,A,B,C,D
2000-01-01,1.7886284734303186,0.43650985051198943,0.09649746807200862,-1.8634927033644908
2000-01-02,1.5112402709159196,0.08175087124300268,0.013755986589548852,-2.490493380188338
2000-01-03,1.4674221019399913,-0.3954671591165,-1.3001087667731333,-1.6058709996887535
2000-01-04,2.3487401441475213,1.3141059045364485,-1.2500751245962731,-2.0105484142896444
2000-01-05,1.803380196527991,-0.23237141104651982,-0.26770769033811304,-3.11161604440112
2000-01-06,0.6183336695078181,-0.4380213104690609,1.2184406647364772,-2.8748997771742073
2000-01-07,-0.40545147041865004,-1.1510145105811103,1.8436856308993064,-3.0354131403611313
2000-01-08,-1.17428782073788,-1.3810452328590492,2.5887418973046774,-1.0593023572348288
2000-01-09,-2.418411149693817,-2.0074621440474183,1.784975802728101,-3.4783855304134983
2000-01-10,-3.3422031713896057,-3.031337904890256,2.908953761685569,-3.610299763214399
2000-01-11,-4.965488617224853,-2.3846624526200837,2.5526830022388243,-5.353440800167858
2000-01-12,-5.5621382589090524,-2.9732568323083264,1.678800704476525,-5.323726984806841
2000-01-13,-7.810396026485659,-3.2410186971543826,2.691984146363019,-4.4709291438526915
2000-01-14,-6.702208526550667,-2.121628041835491,4.179527278355559,-5.589229828253057
2000-01-15,-5.856375119493485,-3.9825175707776044,3.5766421743483408,-7.503701871658871
2000-01-16,-4.80822760724723,-2.648779751335118,3.379227495190091,-5.729056840252936
2000-01-17,-5.4829551175589435,-2.4981628859700957,3.532173197952573,-6.79325211418946
2000-01-18,-5.045008506278862,-0.5591844255696015,2.507242323344486,-5.893913668348646
2000-01-19,-5.199515358178149,1.2104428777241414,2.9910306709450163,-5.217697268485584
2000-01-20,-4.556352077582431,1.4595295844499754,1.5952671683043413,-3.8260343607407767
2000-01-21,-5.927021090134447,1.6980927768558767,2.209344256058435,-4.663946633443071
2000-01-22,-5.781957876030919,2.8659750631575185,2.1852397859872053,-5.5526040512960195
2000-01-23,-8.69769562782363,1.8941345605849091,1.59416104750133,-6.0690214190844936
2000-01-24,-9.657691808050847,2.2714297946981095,1.0194526270086248,-6.1784757529651015
2000-01-25,-8.97862020822534,1.415992626038228,0.7192465524890741,-4.020326410908183
2000-01-26,-8.104334485614821,0.12245599411644381,0.6395056143035024,-3.455840892613586
2000-01-27,-6.8708634411616645,0.27144238879743465,0.10892346994839797,-4.186367536306916
2000-01-28,-6.225801456177756,0.5845027628215411,-0.4077244548497517,-4.375439202742629
2000-01-29,-6.641999471307904,1.3091604210609908,-1.0976851321636176,-3.889024727474014
2000-01-30,-5.790480520823196,1.795409747169302,-1.9319249828354024,-2.544032270851776
2000-01-31,-6.468693200164347,2.2218448216093774,-2.6852597764328747,-4.28814252149287
2000-02-01,-6.242942933918528,2.5088799863042017,-2.762700736992814,-4.012074024250027
2000-02-02,-6.8913538222250095,1.7714151488454433,-2.9307908356147285,-2.102797214983461
2000-02-03,-6.076539280973684,1.2514233947478797,-2.372077630767305,-2.5811618754266714
2000-02-04,-6.53380006811199,2.1107074030125554,-2.897342275922939,-4.2567965096112665
2000-02-05,-7.440294768686318,2.1991226092145615,-2.769334454806838,-3.015179991452727
2000-02-06,-8.156320566203737,2.930588345034667,-2.343367704957054,-3.1641937636682287
2000-02-07,-7.320476664021764,3.4227072479484635,-3.205676191893928,-2.0925098338854347
2000-02-08,-8.541378583917897,3.482322681038793,-3.203232029904693,-1.6678741130255776
2000-02-09,-9.26681206431641,3.4473792954867024,-3.343852056920611,-0.6707857459319262
2000-02-10,-10.0627267575398,3.520124824638137,-3.6050925415926294,-1.9688323836014086
2000-02-11,-7.3866142898861105,3.448905797477576,-5.0917506125133905,-0.5602054247524486
2000-02-12,-8.457199789038613,3.819775769507836,-4.228918517550624,-1.2086374475285067
2000-02-13,-8.888089844424215,3.279505505717282,-4.358279527301678,-2.8310986179981246
2000-02-14,-10.123726468530338,3.1387190635326583,-3.3193274099472228,-2.1993544405690377
2000-02-15,-8.39430903932004,3.8327713356020823,-3.8304564025001366,-2.322197846182077
2000-02-16,-10.424702593098338,2.8719962253881484,-4.850815681304122,-2.051604421211412
2000-02-17,-9.77687279568848,2.3116228065039865,-5.439317300983551,-3.5981602440224902
2000-02-18,-9.90463485357434,2.5597908336508097,-4.993536342330408,-4.380869287469954
2000-02-19,-7.9161451737637885,3.7548491696220854,-5.088773941031032,-4.908057066803914
2000-02-20,-8.237729866855972,3.905979541275077,-5.107401656587991,-4.424528279395607
2000-02-21,-7.468764709164285,5.272222384833995,-3.9601368634753804,-4.53475743479753
2000-02-22,-7.08051429487939,4.885095203656032,-4.547357175803692,-2.6239305834411644
2000-02-23,-7.540360445097489,6.8758330159782775,-4.896392568786222,-2.3711054922196144
2000-02-24,-6.45095089691119,6.899755037787192,-4.503267287528155,-2.6124902920289705
2000-02-25,-6.926475754724438,6.733978014655754,-5.15298470827518,-0.981107338070377
2000-02-26,-7.094174357490902,8.456647212502453,-7.838093386074805,-0.9626865433557257
2000-02-27,-6.532222685068817,8.162825974664843,-6.743440306876051,-0.32299418815261105
2000-02-28,-6.80682280539072,8.597835232836587,-3.9315619318701778,-0.0709990614693844
2000-02-29,-6.507320474183756,8.157843921608622,-3.7980648908473715,-1.3602602552811156
2000-03-01,-6.70561073084672,10.615431547899473,-2.730849340111067,-0.7188395996870676
2000-03-02,-5.601689066241724,12.497186539006957,-2.1372612253199463,1.3520389260890182
2000-03-03,-4.53189070778473,12.663706049025224,-0.4177846700313097,-1.00717581192376
2000-03-04,-5.103239669713506,12.92949309577323,-1.3298755831651952,-1.1632342147532593
2000-03-05,-5.7420305660911435,12.275077884187564,1.38205075136481,-0.5357603256798805
2000-03-06,-5.795978415281631,13.590245108462444,1.1447132758337182,0.3495793494909105
2000-03-07,-5.445162574319083,15.216818713421159,-0.27515803049446474,1.1153004215147022
2000-03-08,-5.322912828954025,14.059435337756918,0.7902621510882011,0.2429247601852721
2000-03-09,-3.703674344357042,14.572528346159425,1.4857461341737637,0.3233821484325021
2000-03-10,-2.79914585759831,12.706877173674586,1.560473928123701,-0.30486865837159827
2000-03-11,-2.5164855502217667,12.659720267021434,2.177051811439387,-1.1425001051337378
2000-03-12,-0.6773336630344482,14.975578864271887,1.968768393356636,-1.1574732909513614
2000-03-13,-0.3897760126680921,16.23966461464955,3.8656693491602723,-2.363276081759876
2000-03-14,-1.0048845770826047,15.177508491221719,2.7528881987214433,-4.002572329076859
2000-03-15,-0.6420810908654693,14.018472026200513,4.2561501514269295,-3.094253612736389
2000-03-16,-1.6717906161787461,12.988263408493955,3.643765733742816,-1.694288116714524
2000-03-17,-2.5213979758917575,11.494713740704917,3.594341848487477,-1.320898172713163
2000-03-18,-3.178655460974568,13.11414454734562,3.834798628902065,-0.8678603859382881
2000-03-19,-4.034188181957834,13.074414708750531,3.678279814673982,-3.1401045005591444
2000-03-20,-3.746530953246973,11.27960767342821,3.6494941690618234,-4.614047327377383
2000-03-21,-1.7268803111516187,11.605869946376865,4.510851782945597,-3.6950391963321376
2000-03-22,-3.05136900844648,9.324077631416328,4.181273630101233,-2.7978894491457704
2000-03-23,-2.960334496869146,10.10950987849342,5.117906203111442,-4.2902865501664005
2000-03-24,-2.6726507731507,12.075984506408757,4.5473739080084945,-6.3193586759044855
2000-03-25,-2.904555326348305,11.611315785259857,4.965754930627166,-7.21176501056791
2000-03-26,-2.8138385533196586,9.393898174223205,5.819718302283555,-5.6248984675016285
2000-03-27,-1.5159609394612008,7.8786825157954095,6.138914478159158,-8.608868672383592
2000-03-28,-1.2327750176807108,7.8143223439061895,5.143120233701641,-8.265074153885292
2000-03-29,-1.0947603626726738,8.75382519810161,5.270428757941199,-8.03004714102087
2000-03-30,-3.039832624846417,7.594102247111502,4.794529371031669,-7.733202610250695
2000-03-31,-3.0461314038037517,9.094992604012534,3.9243701809940115,-7.972834683716165
2000-04-01,-2.7910507090209706,8.863495194385827,4.419950576170902,-8.543397507721037
2000-04-02,-1.3707084038616737,8.543905053452935,5.535895760752727,-8.573700874922151
2000-04-03,0.12081394246618737,7.145789042615241,6.052693314856045,-9.00627725107203
2000-04-04,0.3522147034876719,8.338594208170113,4.913596516044597,-10.328306985799005
2000-04-05,-0.646152175132115,8.592981782472226,3.0267595906837927,-10.231713251422573
2000-04-06,-1.93238150275949,7.449259956135099,2.6575818455003954,-9.85111566684227
2000-04-07,-2.558796006245367,6.9572160629926705,2.615737617319573,-10.123851202978397
2000-04-08,-5.235317371285882,6.5271154559156574,2.700701675140463,-9.026071715437766
2000-04-09,-3.1889845949211217,7.1941033055073556,2.779793867851522,-9.990835182747226
2000-04-10,-3.099931224123051,7.9730002077876,4.044438779370778,-10.871346516798628
2000-04-11,-2.8635256284921007,8.788604673776987,5.905250448546872,-10.615756031063382
2000-04-12,-3.405029344579802,8.099005016686371,5.547809719818438,-11.267676234993324
2000-04-13,-2.578493496376154,9.16831073921707,6.272666542109932,-10.075489991924185
2000-04-14,-3.0322620346743334,9.548645797898022,5.888003366479416,-10.031831303671094
2000-04-15,-1.8072762922053625,9.518910486078356,4.023197568824752,-10.28464729128796
2000-04-16,-2.520126087892643,8.009993366285928,3.232831879639358,-9.324022487988106
2000-04-17,-0.8392154389873576,7.5209873245197505,4.235367716402641,-8.145800386515688
2000-04-18,-1.9990077068587175,7.481624619772572,4.190907545529021,-7.973414707684266
2000-04-19,-3.5927585172405876,7.13248238064698,5.248728752591308,-6.711211508510796
2000-04-20,-1.7613964362220125,6.794973335129728,7.118236308888035,-6.045306396820931
2000-04-21,-3.1205976039461887,7.556582617183584,6.7659562746371575,-5.526230132698314
2000-04-22,-3.2231215464929415,8.764821258051235,7.022516434056965,-5.808735150799608
2000-04-23,-2.258155778054487,9.021043034473996,6.609560033274293,-4.531460788743762
2000-04-24,-2.666501020505196,8.383908171412907,6.069985421241996,-5.996932876842278
2000-04-25,-3.2197081899829,10.244785863450762,5.161701486001155,-5.988513973100451
2000-04-26,-4.32789153952155,9.63343271167496,6.680393644950827,-5.092158237205982
2000-04-27,-4.938141889763619,9.639652827758665,5.854389683053248,-5.876363589463983
2000-04-28,-5.852964087802194,8.742513050858424,6.180338956171422,-5.279570422711585
2000-04-29,-5.364721595165776,8.573076193995012,4.82229375581433,-5.346680894350738
2000-04-30,-6.289015337003598,9.454377326514495,5.378736700433884,-4.5997893636426275
2000-05-01,-6.637383653476446,7.643358152985852,6.336633094019376,-3.3734680286993335
2000-05-02,-8.120700261922357,7.7812741972176465,7.529885673181136,-4.449191578312973
2000-05-03,-6.353017486052469,7.432241740696921,6.454495562829107,-3.077533537383273
2000-05-04,-6.0584853495422735,6.779103579127588,7.334283515720509,-5.033300665752976
2000-05-05,-4.243178972715529,5.962853518777137,7.620267788790169,-5.43191683600843
2000-05-06,-3.806946857956933,6.850779241597441,6.796381683815107,-4.645553918124908
2000-05-07,-4.100980105646109,6.162919731763358,6.572338076608978,-5.650162523512996
2000-05-08,-4.896647678778368,7.112053571619391,6.42151503423232,-4.508629425602459
2000-05-09,-4.464890684449933,6.086085275266911,4.523643606616187,-5.195871243691096
2000-05-10,-4.200764195073569,6.094898195180073,3.693547986003233,-4.183058943434653
2000-05-11,-5.946487699378059,4.836251607994085,3.8208430883494753,-1.98929579073666
2000-05-12,-5.5325535711620635,3.831011948346699,4.413500228343525,-1.305899216480762
2000-05-13,-4.594696643630955,3.4211474144695155,3.613773789067052,-1.187681937129811
2000-05-14,-4.179421764546177,5.019382662347546,5.703422663929135,-1.9207518708982074
2000-05-15,-4.7023933915451686,4.955809581757065,5.453650557334639,-1.4349616937279683
2000-05-16,-4.21665618645051,5.213706565582347,6.7977218483654305,-1.5934726181476768
2000-05-17,-5.267464125606857,3.6531053385050076,5.7695819737137475,-2.637730539311467
2000-05-18,-7.150887956356902,4.316293108344077,5.954849808992031,-3.060523266754275
2000-05-19,-8.040776935404345,2.7353477320315025,5.035130212218976,-1.2126142101357684
2000-05-20,-10.25156857498291,2.877158249414998,5.778767182969165,-1.0764819804181691
2000-05-21,-10.56837349579664,3.645232192764121,4.675438923089011,-0.5209369850491663
2000-05-22,-9.13767612408771,2.6038578062629707,3.8556055166611087,-0.3849966098165698
2000-05-23,-8.148103328276154,3.94300610301559,4.536232470179012,-1.054499383687781
2000-05-24,-9.262516040343836,4.1859846790562205,4.9344900970957255,-2.155051694882374
2000-05-25,-9.202725554970193,4.518222144411314,5.979554090328009,-3.1456143984882803
2000-05-26,-8.645761026711485,3.3489463472232783,5.552968110910477,-3.2238911470449527
2000-05-27,-7.1278447688137225,6.663250586441306,5.806513786214772,-2.7285996507157155
2000-05-28,-6.120303154103491,5.301594363295951,6.572177187945546,-3.9703395110846125
2000-05-29,-4.491191180799998,6.74508612822783,7.073716871219004,-4.777038025270092
2000-05-30,-2.8231659099174133,7.004774502929464,7.183960413642856,-4.197494678575118
2000-05-31,-4.5355124810033,7.433273925445373,8.18006856655077,-3.8584936969498713
2000-06-01,-4.390253735523969,6.479615809317954,8.82362339555297,-3.6580247498772316
2000-06-02,-4.381189948905661,5.916410890533763,9.679794505601368,-2.4108403801867686
2000-06-03,-3.9930437747096628,6.813159962943662,11.00581780294314,-0.8226792349412082
2000-06-04,-3.7673936242575223,6.599831941978342,10.590871934449842,-0.8089322225921198
2000-06-05,-3.2154272160287665,7.53801387710524,10.16412991345497,-0.6590746660310286
2000-06-06,-4.212007233137111,8.801977884211288,9.772668860677069,-0.301153538059547
2000-06-07,-4.931377295666428,8.503701843543062,9.08667275655078,1.4038130195643719
2000-06-08,-4.572013553752348,8.33725717849386,8.139030440731286,0.7935133046679967
2000-06-09,-4.00330849136075,10.003182196505769,6.708141610301562,-0.12353325433331774
2000-06-10,-4.179096653453648,9.37491484522615,5.04895954157321,-0.10422350466791691
2000-06-11,-3.4280541024194546,7.797803485647477,5.259919318247806,0.8604494038854551
2000-06-12,-2.447726774851406,7.377932792129479,7.564668364181097,1.4155628086753944
2000-06-13,-3.258792993101153,8.362231732025046,6.442080395462115,2.310832262136636
2000-06-14,-4.520847337236299,9.152774305459124,5.858518627840821,3.4431203248035698
2000-06-15,-3.7801699226980143,9.599982224792464,5.917151061803126,4.530136581899253
2000-06-16,-5.583511835620837,10.032536562110815,6.330583763120628,5.092286474372514
2000-06-17,-4.757283013554784,13.734994799710677,6.4473664312741095,5.896786008593379
2000-06-18,-4.604914516661073,15.307662867656294,4.4265559494061035,7.594733537776234
2000-06-19,-5.288720933378569,13.04542157477755,3.3483703720553564,7.42021420007389
2000-06-20,-5.09447568486827,12.999530212808052,4.1651880959897225,7.38503721372889
2000-06-21,-5.157673286107027,10.85601468587026,4.65253216296312,8.395278914841903
2000-06-22,-5.5783461155723515,8.978930386661597,3.3160266723930523,10.068840553150476
2000-06-23,-6.184553360830907,8.31434650311043,2.4965755803191776,10.749724670476377
2000-06-24,-6.772396913809256,7.445314587196992,0.9902127954011941,10.641925689065719
2000-06-25,-5.771449241840807,7.297381704206625,1.8724324776402919,10.817352076510259
2000-06-26,-5.623612367294654,7.476354613537226,1.9068738927240216,11.843557094935214
2000-06-27,-5.135759465241397,6.898243934214937,2.0354939394154523,11.767592460238228
2000-06-28,-4.650827485771674,7.078560585129909,2.450071877882982,10.290270615670165
2000-06-29,-4.271236322016999,8.39217264361418,1.0998779335318987,11.891203156759248
2000-06-30,-3.974163603204744,8.18442414154384,-0.7046102156459195,12.978800176855025
2000-07-01,-4.943713141207648,7.673233369339505,-0.15870594889683276,11.953220310633258
2000-07-02,-5.9305465406309885,6.521953045421753,-0.270066132537098,12.541756731280753
2000-07-03,-5.527540478331721,6.929355851942917,-0.614246374726616,12.682226148494275
2000-07-04,-6.217581226962805,8.927031165217462,-0.41951922024501653,10.727240782805557
2000-07-05,-7.286889023416171,10.528333976691584,-1.7860065078706646,10.289545991984545
2000-07-06,-6.883263308182842,9.431710294330271,-0.7194018107065305,11.968629471520645
2000-07-07,-7.7080024821613655,10.561005950188067,-1.6106248221148254,10.970679562148655
2000-07-08,-7.462317393676707,10.79893729408117,-2.2066602234652684,11.812703804585809
2000-07-09,-8.931499039740185,9.943271353379771,-3.2845296124403185,12.571067472574406
2000-07-10,-8.12759683521255,10.610211799118538,-4.580130083543691,12.703835604885697
2000-07-11,-7.669943321504191,8.993231820573529,-5.40182318659048,13.349697947454672
2000-07-12,-6.966289161410656,9.248466616127123,-4.859747511676947,13.673794003828055
2000-07-13,-6.816370444062306,9.139209756731459,-5.7311797408747935,13.428245683356845
2000-07-14,-7.219285388707477,11.456984464359968,-5.470939015462923,13.417550551014928
2000-07-15,-7.451262888293568,11.341779393957177,-5.74320592767609,13.962255559543149
2000-07-16,-7.4807077135240245,12.15285909454992,-6.43838202114609,14.312490147854438
2000-07-17,-6.603551509453788,10.998600108485995,-6.270612022532022,14.559557596076539
2000-07-18,-6.938298781117739,10.511439132046014,-8.125522129472218,15.70837885871121
2000-07-19,-7.871222567749581,9.27106859446182,-7.467608657700572,13.876104169358056
2000-07-20,-6.90795144253671,9.705287719594411,-6.869519040902667,13.71210333181015
2000-07-21,-8.125298016268438,7.81652474026622,-5.41270701761619,13.24016238494877
2000-07-22,-8.64197916652209,9.398687496300454,-6.04410949177884,13.002202699962966
2000-07-23,-8.878977605779827,9.26122775175417,-7.083551356925842,12.441988993855162
2000-07-24,-7.593488559507711,10.022320885872958,-10.060676669210658,10.48345735451064
2000-07-25,-7.259851786245707,9.90936659765486,-10.435203105434399,11.526196655240375
2000-07-26,-9.044111111889212,11.108958645185846,-10.303612181801723,12.074602722488272
2000-07-27,-8.790741212899839,11.955099331613672,-10.553943973965527,11.532344690639038
2000-07-28,-8.009169878471516,12.130202117303865,-11.808232462657571,12.881958865425382
2000-07-29,-6.798405375538984,13.571639996530747,-11.728535471483575,13.232491606334131
2000-07-30,-7.179947757002327,12.598810684534707,-11.663063414273502,13.409000106656755
2000-07-31,-7.8427091735495384,14.428505493852377,-13.278978174110241,12.593655402682147
2000-08-01,-8.51408038698495,15.719710889022311,-13.535568658583509,12.26871711781336
2000-08-02,-9.399571666585112,14.955215579138658,-14.84018852945469,13.284254330065053
2000-08-03,-8.790681106195072,15.945249570858266,-15.502548370723058,15.796171207989477
2000-08-04,-9.771993203044085,13.891435898700806,-15.794658225636473,15.933290581483874
2000-08-05,-9.01565256322045,12.874005203827483,-15.203803001192094,17.641142975132066
2000-08-06,-9.867577331219806,12.133838808489129,-16.90666338038271,17.882083969735024
2000-08-07,-9.010163563706202,12.900779465634162,-16.073040214930256,19.298230911512277
2000-08-08,-8.882721088249998,13.853551440931296,-17.024657429105673,18.507324382906024
2000-08-09,-8.641854906921244,13.035529742394568,-16.452954215945375,19.882375780137767
2000-08-10,-8.23831864168382,12.298098192385025,-17.201430071209998,21.247742289084776
2000-08-11,-9.036454460880142,12.387415505334113,-17.460324926881707,21.300763705910914
2000-08-12,-7.9400850711249555,11.84862239481891,-18.87071777965694,22.75249985729999
2000-08-13,-7.717070917746326,12.574351526975395,-18.89009586329449,23.53012292247631
2000-08-14,-6.45233335279163,13.940677847002188,-19.163549938074215,23.17797060027778
2000-08-15,-6.057465117358925,14.147849386889611,-18.59775365826812,22.46703188883072
2000-08-16,-8.382163948035512,14.597869256967272,-17.8165080369268,23.110047093423656
2000-08-17,-6.7227210393027885,15.450098098897737,-18.204841408836252,24.095472999455254
2000-08-18,-6.8076557925051535,16.70538309397205,-17.96685361787577,24.548983635112783
2000-08-19,-6.579932040210695,16.759888130450705,-19.463426322019586,24.606723608386794
2000-08-20,-8.852480311176818,17.2576911312071,-18.47150740560913,26.65782689064807
2000-08-21,-8.478403906204923,16.541194650068753,-20.0610839948093,28.60559704686512
2000-08-22,-9.904674171239535,17.436718053499888,-22.36735349348287,28.55410767766181
2000-08-23,-9.221450660005495,17.76195385387257,-22.40889393476142,27.729398773366608
2000-08-24,-10.128116828147833,18.770582424314256,-21.97316399704864,27.568810345043357
2000-08-25,-9.921289989540941,17.84388005126809,-20.950873130848613,28.82978471447172
2000-08-26,-10.701140744938355,17.94590093834432,-19.90262582876462,28.187956183649135
2000-08-27,-8.66656396531581,19.456529895709675,-20.181501776315322,29.166728301444707
2000-08-28,-7.004367480502772,18.212439440083138,-19.562277566852288,29.022378114849793
2000-08-29,-7.220903928811302,18.922746027108747,-20.03935479433464,27.622625709680616
2000-08-30,-8.643066292190356,18.90301069102474,-19.41045347192939,27.59874913945982
2000-08-31,-8.795661707326811,18.872214269966697,-18.121140513319965,28.129202470609883
2000-09-01,-9.541572754465545,18.58342961374186,-16.91645145903711,27.548900308435297
2000-09-02,-9.936308629584365,18.558365347315522,-17.981362325223056,28.451268358079925
2000-09-03,-12.125782501931049,20.009737453647315,-18.416520687872094,27.1946867413914
2000-09-04,-11.843519021035199,18.298513850853176,-17.879170346369428,27.968310740207816
2000-09-05,-12.419429366791226,17.90961840814968,-16.930425551619447,27.297566017956417
2000-09-06,-12.396927039707615,18.25723492957694,-15.37046570746034,26.79449079842533
2000-09-07,-12.362245776214499,19.3892423389819,-17.927192239688438,26.525533488159056
2000-09-08,-14.271866103104724,17.54916829227848,-15.970222118865975,26.736813295662884
2000-09-09,-12.788379103127902,17.307758217861455,-15.429769386470795,26.305146525025403
2000-09-10,-13.335330549917604,17.233119641737673,-15.301437114187232,27.83841596268693
2000-09-11,-13.532158555990517,17.612958867594458,-15.558360485539039,27.98328406366172
2000-09-12,-14.843335261065443,18.704381131482158,-16.079236622582126,28.02481754133335
2000-09-13,-15.0574857584813,19.68902900906734,-15.557572281718357,28.03781074411133
2000-09-14,-14.882485139372008,20.032468453927727,-14.801027657324067,28.544770354327728
2000-09-15,-13.597278097320318,21.650892966442342,-14.18661230593921,27.22216137668386
2000-09-16,-11.849436892658462,23.80080253313987,-14.550712619003345,26.808162121248138
2000-09-17,-13.908332387422938,24.580045520334536,-15.558571436268526,28.637634383058675
2000-09-18,-16.385620271412705,24.652442465194916,-14.884089107562794,28.23534713213606
2000-09-19,-17.18108138533048,24.90167598075512,-15.411679279755678,27.892082269549185
2000-09-20,-17.220461219493053,24.344361200182234,-15.639688788222957,28.678935758191884
2000-09-21,-17.611497361447253,24.510295909773948,-16.395466927233993,29.59220374110775
2000-09-22,-18.89850575330696,25.466736206439542,-19.422514931469582,28.68102820592172
2000-09-23,-20.48832023706006,26.480489308988755,-19.15399071809261,27.368877731600534
2000-09-24,-21.063052150910632,27.817234467949042,-19.221422245050626,27.919751759688662
2000-09-25,-22.584026329662247,26.29793184108241,-18.666091078933636,30.208294726875412
2000-09-26,-23.14297621251491,26.86831579751672,-19.63286687086333,31.436410440289556
2000-09-27,-23.62182316674404,26.40792446842819,-21.55115540285555,30.993967068808207
2000-09-28,-23.463904043691826,27.75703084011796,-22.755605709535075,31.944372778728013
2000-09-29,-23.838610744071893,27.436296642766518,-23.73767066203516,30.207412581287418
2000-09-30,-25.08948790056322,29.023042534306608,-24.96960386333235,29.7293799715892
2000-10-01,-24.02804796813793,26.86340461052235,-24.57361836771438,29.167375478500574
2000-10-02,-23.893408317462047,27.67627174241995,-24.77913210665876,28.917040198822466
2000-10-03,-23.22080300459764,28.26072628922148,-25.552058483902766,28.675899911720776
2000-10-04,-24.61818964901185,29.4990594190703,-26.816175337837166,28.809141723950432
2000-10-05,-22.92510096046792,30.252891094190208,-27.15749718258859,28.03145164807858
2000-10-06,-23.59990885285066,31.12577173644523,-26.860944061509674,27.985215432309687
2000-10-07,-21.033040309153304,30.254057324966286,-27.386505276863524,27.57520118704097
2000-10-08,-20.84972818308594,30.530348496225837,-27.69166893332111,28.279812223594863
2000-10-09,-20.342442523250266,30.194542256768546,-30.180659611398298,29.032659336853634
2000-10-10,-21.33487306715694,29.494916189117852,-30.375503867577024,27.740556989786946
2000-10-11,-22.2018332076504,29.495423850075372,-30.793368225968248,27.979334567004145
2000-10-12,-23.142481344890214,29.177480420806205,-31.942154838445138,27.604772526321124
2000-10-13,-22.945010254069157,28.84171997492486,-33.46489065040281,27.32481482801045
2000-10-14,-22.886820328072467,29.88500940562275,-33.59398927666311,26.82676464197841
2000-10-15,-24.143977017299918,31.789938910768086,-34.628762266969986,25.613718177126955
2000-10-16,-24.379350415050553,29.883192520460366,-33.63877551272896,25.713638495934532
2000-10-17,-23.971981187015565,28.823445694010093,-34.22682899751404,26.49255816839132
2000-10-18,-23.144867924193335,31.583651141147705,-33.201561621502286,24.528728639195634
2000-10-19,-23.126937616092043,31.152698466555695,-32.1737759924205,24.374167430712347
2000-10-20,-22.701159153198624,30.77140659549955,-31.62531977645651,25.776485286048473
2000-10-21,-23.372609077401407,28.676121635551414,-32.71658771374273,27.28198990875135
2000-10-22,-23.206648564433955,28.32533135145482,-33.73493015764379,28.277039365754625
2000-10-23,-22.97277002465702,28.15885137310096,-34.329882067706144,28.068261420765957
2000-10-24,-23.3457725108868,28.678232175172948,-33.1089905597346,26.056666863066567
2000-10-25,-24.85048484715147,28.528295993899597,-33.08172031678401,24.452295236983694
2000-10-26,-25.524793788784173,28.07268163293956,-33.57908385456635,23.934263197810736
2000-10-27,-25.665076734072596,28.902716309756666,-32.89284885493992,24.47299431788552
2000-10-28,-25.443805576522443,28.132331645381424,-33.43051256081648,25.111835953399016
2000-10-29,-25.383247070860076,28.877988677238758,-33.21876328137003,25.11937263880825
2000-10-30,-24.995349655452745,27.28477770928359,-33.43140613599463,24.47790888477602
2000-10-31,-24.203426279640457,26.559553270498228,-33.25287892120993,23.99229779281796
2000-11-01,-23.785563164665895,27.219671645595625,-33.5215044900614,24.036271530380425
2000-11-02,-23.67121348217671,27.93159708027215,-33.91275092984472,24.011184741092052
2000-11-03,-24.16403261323187,26.903450523872255,-33.806133169071174,24.367008534614712
2000-11-04,-25.04489275227958,28.406849124228437,-34.627101000006704,25.039990444087056
2000-11-05,-24.743861746557002,26.626718546835413,-34.72844939079656,23.389600970789203
2000-11-06,-24.927330481944637,27.22566697211944,-32.95759532226748,24.097433372813523
2000-11-07,-26.532198550949165,26.79624624717111,-31.53301643147506,24.200173005362682
2000-11-08,-24.842381300011134,25.991737173162424,-32.170138015219806,22.769231304033198
2000-11-09,-25.306470062472776,27.16973184289356,-33.180152037491524,23.5244679592422
2000-11-10,-24.92774184156292,27.878461067321027,-33.52022758573188,23.466852537939268
2000-11-11,-22.868929238677246,26.547914140688977,-32.84050484193968,24.90857141723684
2000-11-12,-22.488803131008666,28.124182089145684,-35.89181790161873,24.51971766572792
2000-11-13,-23.744995377175485,27.6198444778026,-36.08802881856798,24.91307402150142
2000-11-14,-24.691460313416794,28.403766299307055,-37.75648016017137,25.782637509653682
2000-11-15,-25.038167326897593,26.53042917302446,-39.634424574236725,23.883828298118445
2000-11-16,-26.139801568050242,26.53978589509576,-38.42217589860607,24.56039465329168
2000-11-17,-27.586370577133955,24.122196835340574,-38.84079718474449,23.013871400863984
2000-11-18,-27.88408236322849,23.311659915470795,-36.39247274406958,21.162484461081636
2000-11-19,-27.697521155932066,25.04032346345843,-36.93508269408886,20.245775813594395
2000-11-20,-26.14986493904256,22.78039578916499,-38.79140700358958,18.875844246026936
2000-11-21,-25.89032190945874,23.415709037758,-39.05860024909899,20.92618973277272
2000-11-22,-26.233134453916,23.278268471834874,-39.499435582174236,22.030109896603772
2000-11-23,-26.348012579253922,22.759394219357972,-37.9249499980057,23.212715593630122
2000-11-24,-25.447215968750996,21.377903606591076,-39.10743870085216,22.86854929812523
2000-11-25,-25.806416612601996,20.850147303071232,-39.42438090758181,23.431572308064936
2000-11-26,-26.912135590156183,21.013622627039364,-39.90539302911979,22.866467763021717
2000-11-27,-27.274024956519657,21.683446810017756,-39.69478168070167,22.008522871415273
2000-11-28,-27.005330373985526,21.759826011864483,-39.33385805635674,21.692134136003723
2000-11-29,-26.04830634242536,22.101869191243175,-40.52271516243502,20.36616320829962
2000-11-30,-27.497493111634206,22.4727590088883,-41.2461220068516,19.988731579107842
2000-12-01,-27.591398816358808,23.6864022767056,-39.068387755268084,19.860099222329815
2000-12-02,-25.601872783490904,24.226661967495,-37.866804997911515,19.5709081181397
2000-12-03,-26.856549314828406,24.706163316189603,-36.57516912350796,17.99642787269479
2000-12-04,-26.922887053752895,24.920982315376584,-35.98034800451185,16.900277043302165
2000-12-05,-27.48874007274067,25.849938286048424,-34.17039184111681,16.999248321900062
2000-12-06,-26.509262141505427,26.017542978407675,-33.740011132219884,16.607264632632496
2000-12-07,-26.742493272038395,25.436871551287123,-33.64379356668656,17.71192200857327
2000-12-08,-26.555140433827546,26.09165539329274,-34.290610274236734,18.427932733192872
2000-12-09,-29.729122734764918,24.65647874331627,-34.63396469625751,16.59135705947001
2000-12-10,-29.16715207478769,24.85787054141579,-35.56133550963447,16.679137452791476
2000-12-11,-30.694015405660533,23.939662084761604,-35.95644517886994,15.056462630186171
2000-12-12,-29.650907919144306,23.270061367099935,-34.93631573531993,14.902079385240356
2000-12-13,-29.345071637223477,22.347381853292475,-35.250986604674225,14.472558936256712
2000-12-14,-29.114953715608912,23.722502939224075,-35.82076718923193,14.303750657126693
2000-12-15,-28.75820836576543,24.581800621810565,-35.93613988060997,13.915707710105337
2000-12-16,-29.347299668028096,24.586567289486457,-35.69588517183938,13.226907912664677
2000-12-17,-29.65727916378343,25.346004369937226,-35.722842546477175,12.650644458440752
2000-12-18,-28.948742246123178,26.05903464866226,-35.11032467314363,13.318301797215488
2000-12-19,-29.345899751065915,26.26323965254079,-34.79534093232337,13.44028157871365
2000-12-20,-31.10480020487724,26.24445635002386,-34.44342491160355,13.935716429724522
2000-12-21,-31.403091193413818,26.277064292801217,-36.252251897148994,12.439061110318033
2000-12-22,-34.374090714432505,26.047968360148346,-34.62594979540312,14.191686492042505
2000-12-23,-35.502700797355374,26.69996392482534,-33.365029073596666,13.887806463468738
2000-12-24,-37.46975880134372,28.125123036150484,-33.72242478582213,13.496045554266816
2000-12-25,-35.75526286773771,28.597772992343288,-32.87429192458199,15.104473540675286
2000-12-26,-35.89803530038736,27.62844081098373,-32.07493315767105,15.119366192087286
2000-12-27,-35.136153012853796,28.05158318191723,-32.8127377776341,15.174741475993704
2000-12-28,-35.44137717228661,27.84853664753984,-32.8197820930438,15.561293809850186
2000-12-29,-35.196143308338065,26.611189080081296,-32.147509451398804,14.164969055343162
2000-12-30,-32.93531333272244,25.88917542094319,-32.16442146868965,15.549360689781432
2000-12-31,-33.09085987598515,24.66302092744407,-33.55205662777686,15.87666208863713
2001-01-01,-32.63344818647911,25.53813613997271,-33.23456406798323,15.439828203987979
2001-01-02,-32.11520537814779,27.025636245628746,-33.991202879804725,19.06511569013448
2001-01-03,-32.488226158489475,28.325115431304326,-32.0563592906053,20.024262672169634
2001-01-04,-32.13971615817234,29.094324623590882,-30.67418255178546,17.42408530169849
2001-01-05,-31.63559678369537,28.731340510074574,-31.326951983839397,17.582782590226415
2001-01-06,-31.416486237792295,29.264619204435846,-31.87671096797251,18.746794265329537
2001-01-07,-33.47973708384373,28.322425384723548,-33.072051282637375,18.871708410333497
2001-01-08,-33.964235437349465,28.8666643916329,-33.84769879013736,20.169503292911557
2001-01-09,-33.21362759080225,28.357104700616322,-35.53968905671902,18.979407631268778
2001-01-10,-34.76560936052837,29.599569348695926,-34.78216262953943,17.70791930947915
2001-01-11,-32.87757710582581,29.303246886476156,-37.04062416300256,18.79747159649766
2001-01-12,-31.571190074114288,29.31031862470914,-37.93902317870479,20.035111044340454
2001-01-13,-32.076529902568936,29.29324868528946,-37.467468763845716,20.342058835427384
2001-01-14,-32.536086165706934,28.249951187607934,-36.71216288503619,18.128819988652147
2001-01-15,-32.20346160338018,28.521670321928752,-36.18323309273275,17.761948773580386
2001-01-16,-31.98076750598619,29.319000849125246,-37.22675017391306,17.818594705659347
2001-01-17,-31.59687384849328,28.05999234989646,-38.17226717643174,19.405342109677182
2001-01-18,-30.55402813791017,27.31817930286256,-37.44559446750473,19.81833463675589
2001-01-19,-29.143050580862468,28.466040330193337,-39.87420179993651,19.522873375751864
2001-01-20,-27.75915322041982,30.108988974555245,-40.48751371228635,18.29329965851236
2001-01-21,-27.497638370465157,29.470277290570543,-40.49918706982432,17.126157957803844
2001-01-22,-26.726037043740117,30.04665513763943,-40.034468800683804,16.03053644340455
2001-01-23,-28.41215907920129,28.77081425447506,-39.5334619203997,14.232938010394168
2001-01-24,-27.74966126650463,30.550002469094995,-40.15890994916648,14.050261618096659
2001-01-25,-26.760166199852787,31.470039723203673,-40.772978534697145,13.879834490831492
2001-01-26,-26.63281649620356,31.20999250896646,-40.18763366317674,14.217256294636929
2001-01-27,-25.317382894787286,29.50888020111572,-38.994089638239004,15.043609905917222
2001-01-28,-25.441423128949292,29.93541413861846,-38.007141350075315,15.354673035143962
2001-01-29,-25.679410521662973,30.227862937319784,-38.693655377158834,14.053266031314934
2001-01-30,-26.54463712894344,29.466799227802085,-38.49271157972641,14.85871058605953
2001-01-31,-26.288170434132237,30.935698954762557,-38.56879351057794,14.228163302142397
2001-02-01,-27.001388700656257,30.04858788911784,-38.85893943324411,15.618769109913003
2001-02-02,-28.457350774606333,30.61816556612993,-38.85283055568513,16.4786399497362
2001-02-03,-28.902261599500616,31.37150854737033,-39.32066154543493,17.14217491243782
2001-02-04,-30.824745353478736,31.900403002366414,-38.538255973713134,15.588758560701327
2001-02-05,-29.933753299799395,30.808757020751187,-37.503546509659174,15.633025233361908
2001-02-06,-29.196303391362157,31.23425021115781,-38.64713333295094,17.23787547589939
2001-02-07,-27.92092067901572,30.27328067327893,-38.01919678689883,17.763811870646716
2001-02-08,-28.53369085524244,29.29969755330079,-36.668166223746674,17.43618104731572
2001-02-09,-27.555368928475637,31.276110136588063,-36.108192424299624,16.62521207120355
2001-02-10,-26.494993521985712,29.978818293839886,-36.938980066438205,19.632011523858463
2001-02-11,-27.212613389582156,30.40733354285759,-37.91924262141184,19.58874776790518
2001-02-12,-26.933137003430733,27.8363551723734,-38.497884592646834,20.328155769019997
2001-02-13,-25.988948785665105,28.24957723365404,-39.370191047221255,20.797322803550305
2001-02-14,-26.408080521360763,27.549457391244157,-39.29960203061517,23.14592115960665
2001-02-15,-27.24053591352499,28.659448857925465,-38.97669257072311,21.729265179756993
2001-02-16,-28.08524061229252,28.556241810125826,-39.38321007723697,22.056859287685835
2001-02-17,-29.01189543211712,27.6060608232868,-38.31363461441144,22.088780583013396
2001-02-18,-29.7993844366573,27.66898493751926,-36.41503879878098,21.569010795916796
2001-02-19,-31.227114821857217,28.665959526168532,-34.39014376311219,22.887916438251573
2001-02-20,-32.484855968256646,26.659705219546854,-33.07469568462549,22.759092027633855
2001-02-21,-31.931061697952497,26.519990570338685,-31.349600937220707,22.874859154813855
2001-02-22,-32.206361078387346,26.70042992707779,-32.5125274608006,23.07409439034718
2001-02-23,-32.262814200375,24.614287989177114,-33.6273885234569,21.843514990819152
2001-02-24,-33.81104768122588,24.991787258927992,-32.48092677147069,22.182218991677242
2001-02-25,-35.28060262806004,23.22126950378591,-31.689645098551715,21.88059891414938
2001-02-26,-35.37574879432044,21.926714779524453,-33.717906360184365,24.095379410146847
2001-02-27,-35.98573255614238,21.72898224635869,-34.869523224636794,25.61665052442263
2001-02-28,-36.35061264868826,21.555825280456947,-34.83915534429406,25.587641980471766
2001-03-01,-34.950740217873395,19.71601589314755,-34.231534528443106,24.94439112837578
2001-03-02,-35.382895840269875,19.073331682726305,-33.831937566255235,23.63357685495874
2001-03-03,-35.95128128850004,19.604356099406015,-34.43514892330989,23.124623793594523
2001-03-04,-35.607527877663216,19.659679326337624,-34.803969974505705,23.143978870211974
2001-03-05,-36.52822696664875,20.479897843756298,-35.93342434378567,21.500976746182204
2001-03-06,-36.142398964324336,19.12366961181699,-36.93216413553594,21.240473285023803
2001-03-07,-35.48147373219715,18.59785796429646,-37.4242153628144,20.762302572773955
2001-03-08,-35.15794329294718,18.033583988484434,-37.24087843820446,22.062270238672404
2001-03-09,-35.44179600940054,17.601273647299216,-38.233891208737845,21.240999072174784
2001-03-10,-36.7464876690689,16.437226403662414,-38.88092227388036,21.50887427393744
2001-03-11,-36.330644629519284,15.93725830143524,-38.63058983710725,20.140782019417347
2001-03-12,-34.33591519281851,18.336337435607852,-38.81988461087577,20.57421143821619
2001-03-13,-34.30801819414139,19.043045054375586,-39.52090448599038,18.986716512669847
2001-03-14,-33.571873570874885,17.88346012751363,-39.24019797011116,17.99594764945909
2001-03-15,-34.41153086304194,18.79555432594914,-37.70010018479133,17.772156064682044
2001-03-16,-34.902252272186765,19.024757693380675,-38.31480140288275,15.974172314882535
2001-03-17,-34.99224091781116,16.72085867851703,-37.95596384211702,15.401078974290458
2001-03-18,-34.87251682734192,15.181736192866982,-38.775120871865475,15.89706392719743
2001-03-19,-33.581937798661045,15.94781760894727,-38.46186866015304,14.714778064809934
2001-03-20,-33.08343168891234,16.008518242231958,-38.84973166349685,15.943172797760637
2001-03-21,-33.922978792885615,17.693036392026322,-39.567561607619254,15.196026516499169
2001-03-22,-34.093096987449,16.302982566129632,-40.10839405143614,15.202349537098064
2001-03-23,-35.860113139232716,15.401163190325553,-41.5707527522737,14.689933064304814
2001-03-24,-34.79583084799634,14.893033853781974,-41.8329950789283,14.84007309650168
2001-03-25,-35.97988655845938,15.04498165790734,-42.42693407254303,14.11915689292801
2001-03-26,-37.7645831008479,14.338276484872955,-41.46889642737317,15.250604622939326
2001-03-27,-38.13490229382004,14.333393659708303,-41.964936748910816,14.077565140267554
2001-03-28,-40.00637877871636,15.964090209745853,-43.02188310706534,14.218704336257908
2001-03-29,-38.524418828092756,15.516547769525575,-43.248820545187804,14.424852487448447
2001-03-30,-38.93706335813327,15.713521427281933,-43.63596786225986,15.507978396165399
2001-03-31,-38.49421632782061,14.488824728434729,-45.00480974443197,14.828962673636326
2001-04-01,-39.138655686423704,13.718081050459814,-44.109162215334294,14.080487599981776
2001-04-02,-39.62088251536535,13.835085641190165,-46.117092565702066,14.489155743501607
2001-04-03,-39.06215443840922,15.213071947765119,-47.11475930567331,14.0097292215699
2001-04-04,-38.86587435203429,14.825101416419331,-48.580051457604455,14.903919133575785
2001-04-05,-39.15793152498627,15.165519217870223,-49.658608389887085,15.854060111428277
2001-04-06,-39.511227865747955,14.44381553363022,-48.87493050110261,16.95508628550781
2001-04-07,-40.44616027285803,15.435151325645341,-47.259340451276906,17.21579580893252
2001-04-08,-41.85415444069035,16.00333405998854,-46.19427055533078,16.199324935093102
2001-04-09,-40.18250606474948,15.810907019364619,-46.30953565135502,17.298313945775117
2001-04-10,-39.968637312865866,17.063799370182622,-46.315086839754166,17.693149273580257
2001-04-11,-39.93893534541701,17.3090714058709,-45.72550592770224,18.18309283814856
2001-04-12,-40.233787640861514,18.25233693571363,-45.80519784441696,19.39163207474993
2001-04-13,-39.60954378072835,18.17112345211827,-46.52886987062903,19.44113767155577
2001-04-14,-38.21579539403716,18.37016132579932,-45.5489558520503,19.36408392324011
2001-04-15,-38.521171038555856,17.68234799162693,-47.48162467364901,19.683661014251587
2001-04-16,-38.47823912121816,17.637172403234153,-46.69727579399866,18.703730446635596
2001-04-17,-36.77926659772301,16.17776302485857,-46.44421909332028,17.51600710879312
2001-04-18,-37.05060208591993,17.33437302278411,-47.9348372675202,17.6942168441468
2001-04-19,-36.94348250471735,17.51095154210967,-47.683191007605345,18.492799039346075
2001-04-20,-36.453052456709955,17.88377481107663,-46.795131767899115,19.151196622408875
2001-04-21,-36.58575706172994,16.65151642044905,-46.00630918617028,18.80130449568008
2001-04-22,-34.947970939774486,16.08528906565655,-47.21813192908535,19.926079067903935
2001-04-23,-35.700154454040295,14.581033490511535,-46.04984065769023,18.463861295088304
2001-04-24,-34.39405201265978,13.61722562983232,-45.65290373001406,18.67579296396671
2001-04-25,-36.2196960127059,13.59011747201056,-46.085017792755046,18.789367329292904
2001-04-26,-35.70099231833132,15.154761065580047,-46.33550152721622,18.676637612388188
2001-04-27,-33.561197871712835,15.866100246916165,-45.587583802032896,17.133956780123484
2001-04-28,-34.97150005054651,15.299748564269834,-45.78895453087369,17.60926410055859
2001-04-29,-32.25060325616823,14.033544931223682,-46.21356496246203,18.22280211790743
2001-04-30,-31.99470949221591,15.140093842305536,-46.51729912630216,17.309499763166347
2001-05-01,-29.92111024404762,15.56363646850887,-47.73067417659003,16.94635214219201
2001-05-02,-30.002032261977995,14.051452713527484,-46.97924693559399,17.073197139399685
2001-05-03,-30.393825093756334,13.371027285058611,-45.362424705678166,16.962975445225286
2001-05-04,-31.202070831805855,11.289489283802906,-46.46290124474232,17.618074645754536
2001-05-05,-29.749818270106736,10.085709789963355,-48.54947893256933,17.609255001528833
2001-05-06,-29.83987113501722,10.904341329223936,-49.30408737234591,17.672771148182132
2001-05-07,-31.742001351510552,9.622960711497273,-49.89612130313821,17.182351162294136
2001-05-08,-31.256086790821005,10.800105770577186,-51.362916296979925,18.821388651237584
2001-05-09,-32.049467281432825,10.33464716928901,-50.27895633414508,16.37807362844633
2001-05-10,-33.5435406682747,9.465188766092847,-50.23817251324856,17.421147447579425
2001-05-11,-32.48402397578164,8.514192747963726,-49.52448106684191,16.965995071982253
2001-05-12,-31.029752519702505,8.203212466678726,-48.49711035402821,15.90558348737569
2001-05-13,-30.284531530913323,6.805203992138772,-48.418531235197044,14.256646182237695
2001-05-14,-30.456787365307424,5.989027712669411,-49.42177637483514,14.471476495343497
2001-05-15,-29.694362536446892,6.081717743889775,-49.13483938747682,15.17255235648587
2001-05-16,-28.495140491827037,7.081516776479002,-48.749922968389626,17.151952206174617
2001-05-17,-29.022411672034092,7.863559954501057,-49.91292852422372,19.526606091906544
2001-05-18,-29.289353570504034,8.001798939444583,-48.550354199538575,19.314648956895404
2001-05-19,-30.153681770809893,6.126244457155469,-48.8443622487337,21.337835940013342
2001-05-20,-30.009028646092606,7.8360194969840204,-48.04032216606523,20.862667831074972
2001-05-21,-31.451726050451327,7.614604318685529,-47.4500120814111,20.612906596795263
2001-05-22,-31.310908602438882,8.160692414303064,-47.848487401789114,19.122507404975917
2001-05-23,-31.679935241191863,8.689728428564052,-48.71809334752839,18.01689555852868
2001-05-24,-32.732938585925865,8.403226797209806,-48.89623541752771,17.905127895249553
2001-05-25,-34.061446988843954,8.374252535605942,-49.58669429349455,16.897368104907535
2001-05-26,-35.97712488588521,7.1952585770645685,-50.268441406990256,16.97185143219158
2001-05-27,-35.63731313557307,7.157183693314092,-50.107637375770665,15.770207745847454
2001-05-28,-34.907605438404204,7.904630912713254,-49.491982164875736,15.20614109613877
2001-05-29,-35.058931805258105,7.370820769017392,-50.877252494579515,14.801026397428991
2001-05-30,-36.67190330823683,5.537101863125812,-50.38122976916193,15.289653303020911
2001-05-31,-35.89552779693604,5.038094177343119,-50.41273080477006,15.765218546748672
2001-06-01,-36.32462582000242,2.9452240570756087,-48.223693623889915,16.955219214936545
2001-06-02,-35.117949416098085,2.9900936890115988,-49.06526113471545,16.99843873898449
2001-06-03,-34.86507471515285,1.5867760213420006,-49.569889030349536,17.53120216568209
2001-06-04,-33.38198267055911,2.1736234996910673,-49.99257121681484,16.229991228768995
2001-06-05,-31.365863377596373,2.2847359950377526,-49.23591038465347,16.253779690432076
2001-06-06,-32.713132783040344,4.449267402125514,-48.57291469683875,17.470961618770257
2001-06-07,-33.50586521497156,4.414108322895134,-47.21233805581697,17.111985471797947
2001-06-08,-34.231802586765,3.2813788603349217,-48.57592620012331,17.934942374901826
2001-06-09,-34.2973530444273,1.4728805938436962,-47.05737712648627,19.2076353356385
2001-06-10,-33.14705769789132,-0.3827450443116518,-46.95794222658214,20.500825360097707
2001-06-11,-34.189251488884814,-1.1899137658843002,-47.20324728105101,18.473501636578675
2001-06-12,-33.97797263058776,-0.20292820871100414,-46.542875361214,19.965296101469434
2001-06-13,-33.88796131960097,-0.2373159537022526,-46.73577336829677,19.259864931269373
2001-06-14,-34.96771635478104,-0.9857915380030984,-46.825552329143555,18.714022402159785
2001-06-15,-34.86678796469776,-0.9126346270863741,-46.19119406099846,18.191996815390226
2001-06-16,-36.945478553931544,-1.8821422010879079,-44.2821671275188,18.939661490774423
2001-06-17,-37.359129943052125,-2.092118937833662,-44.37313369862683,18.46476812512092
2001-06-18,-37.16669538754349,-1.408147335781576,-43.15527517515882,18.099094576960603
2001-06-19,-37.46043377786616,-1.7425648405056084,-43.12822782629035,19.160862349009236
2001-06-20,-38.21842859119774,0.4644068811627813,-42.57343131801333,20.271966348356134
2001-06-21,-39.121665834959344,0.08897754327249113,-43.09805258662262,20.319066178205162
2001-06-22,-41.159190095421025,0.5888043678299807,-44.779995688508436,20.701096034964166
2001-06-23,-40.13149133245271,0.5404910692143687,-44.93898301711001,20.546716882139055
2001-06-24,-40.335808665963384,0.8235888778324664,-44.00563233880721,21.22262888816322
2001-06-25,-38.800145723637584,0.9551623538797218,-44.47429254184551,20.802633625007076
2001-06-26,-39.9869096498495,0.623304440373466,-45.005941401488805,22.651637848865956
2001-06-27,-39.3959095205911,2.4902856453417033,-46.84082489658976,23.027434231475908
2001-06-28,-38.290473468037526,2.8937459680733393,-47.220177180501565,23.280620869198604
2001-06-29,-38.104231964091355,3.1119558934610367,-46.86728168869227,24.31598327261835
2001-06-30,-37.787060889027444,3.4938896514133218,-46.75279914435365,24.871197555738124
2001-07-01,-38.39252747657908,4.176221564045902,-46.9642629863831,25.83432451188245
2001-07-02,-38.86432817265602,4.237933167680991,-47.02099189553373,24.942261358460907
2001-07-03,-37.70036159397812,4.73064004449484,-46.86224296382011,26.29048467101036
2001-07-04,-37.90514810174899,4.832678064365212,-45.63883841803177,28.846358206188082
2001-07-05,-37.6965933423027,6.569375331375097,-45.34002701173262,28.17676552468653
2001-07-06,-37.0690224508119,7.926026549946055,-45.01918896909711,28.76629231995934
2001-07-07,-38.02305298540559,5.785475322537849,-44.66784231270872,27.438810456181926
2001-07-08,-38.012443714809365,5.200703979094932,-44.46537335062396,28.33784922892309
2001-07-09,-39.65578873829863,5.066345882471913,-44.60569928372094,29.67842834219029
2001-07-10,-39.59180958093216,4.247894666753974,-45.18865084077802,31.463604119015258
2001-07-11,-40.48017466059038,4.289261371708148,-44.930792511426255,30.315304330118988
2001-07-12,-41.301066507066906,2.3165727845495905,-45.8414365969712,30.962284202275892
2001-07-13,-41.09391997840915,0.42795995447243373,-44.41826911665832,29.637291338632718
2001-07-14,-42.0451406497628,2.0218720132531143,-43.95717943152483,29.56135832960902
2001-07-15,-40.558489528339685,1.9477200292153956,-43.611258401549385,28.99644152930316
2001-07-16,-40.67870128831888,1.877378915581961,-42.514996864264226,28.372026372391243
2001-07-17,-40.87784599382575,-0.28617491454415744,-44.222658802246286,29.059831795141342
2001-07-18,-41.272229418374415,-0.6396331470315924,-43.62802976849108,28.71970098590821
2001-07-19,-41.18722067486131,-0.9318137896153378,-45.64791472754448,29.312638533613995
2001-07-20,-39.728206944148305,0.22117678463420276,-45.60884146066385,29.550250173676254
2001-07-21,-39.37026891745894,1.693356111211349,-44.45044238876462,29.17626734263243
2001-07-22,-39.537184157231984,1.455863484348882,-45.064681194354016,28.519358095931896
2001-07-23,-39.715938401480926,-0.992578469401123,-44.7544322018375,28.001504069051354
2001-07-24,-40.99085725772439,-1.2519761684266704,-45.57589679107852,29.119673785211866
2001-07-25,-42.16659037970321,-1.264689094141212,-45.31553868209962,28.209532310246914
2001-07-26,-43.471324628300856,-0.9726117360657832,-45.795005691297874,27.19632514286077
2001-07-27,-44.9811601014911,-0.44890965674918903,-44.38878616079452,26.596143455377945
2001-07-28,-44.536792126490816,0.5558775247784584,-43.47318399624855,25.95058089908992
2001-07-29,-44.07881815946549,1.1688771078454168,-41.02612772007478,26.1117422705758
2001-07-30,-43.09094562425185,1.9385510590250847,-40.4165866687732,25.115682702818493
2001-07-31,-42.82376005908738,3.3987410994330554,-40.787100535835044,25.34562051895401
2001-08-01,-43.58949207175078,3.667518273105127,-40.43991916092875,26.033825381427665
2001-08-02,-43.9651376504276,3.262132325497901,-40.980124984726125,26.30942830564998
2001-08-03,-43.78054671512952,5.4650213170450135,-41.58202434667313,26.99162742474549
2001-08-04,-44.29873809074806,5.020521244673066,-40.52160255329466,27.41392908938852
2001-08-05,-43.769788308381614,3.732295800336112,-37.991019820858035,29.446997163343237
2001-08-06,-44.44710463840621,2.4477475739902577,-38.67368495049446,29.69329578633889
2001-08-07,-45.3355475775986,2.730854635361676,-39.295941014884455,32.38122627708218
2001-08-08,-45.54547351606907,2.302441053386425,-37.33716954090536,32.715991786642284
2001-08-09,-45.52384224483249,2.277454335819078,-36.776613680608065,32.312195461732216
2001-08-10,-45.40024151808932,1.7600121487464615,-38.06943700589172,32.012352765218665
2001-08-11,-45.225497558398786,3.315420137001133,-37.840018239086675,31.69051540769422
2001-08-12,-45.09257543185367,3.9018243487577715,-40.00972509380731,31.295446339540927
2001-08-13,-47.171004399534205,2.219418080287178,-40.713054327795106,31.178537525450498
2001-08-14,-47.11655006155751,2.353365343716062,-39.429322412517244,31.62673463685075
2001-08-15,-46.72763830027717,2.0617261836436698,-37.53348907287546,32.900722621157385
2001-08-16,-47.27167387667008,1.5225142173649964,-36.759813473501254,33.891181515000454
2001-08-17,-47.55568090202273,2.6370526922747146,-37.88251203241373,33.76649245095559
2001-08-18,-46.542480215378156,2.1128427190598367,-37.7080649464377,33.78544709665016
2001-08-19,-46.76063351556297,0.3332083679230633,-37.987513427202416,33.993113764217895
2001-08-20,-46.52802631348494,1.1105092538360466,-37.03922273375366,33.69431161210072
2001-08-21,-46.69556756115363,2.7894146055210305,-36.131430172698174,33.76830718748592
2001-08-22,-46.84920832136448,3.8757734003930517,-35.039078832892535,33.74319617409672
2001-08-23,-46.34583694160366,3.974155639604853,-35.01269394572434,35.61756594892657
2001-08-24,-47.523374556756075,4.775294759806211,-35.97345894150364,35.00340421228089
2001-08-25,-46.638730448056975,3.5596643432966353,-36.829806177740274,33.953945151645904
2001-08-26,-47.16216785049689,3.910592881517526,-35.64044986100363,33.37233782974754
2001-08-27,-46.21991833000927,2.776182405559137,-33.518802338705996,32.973710930654136
2001-08-28,-46.65774818899365,3.0613256395078303,-33.40844545105309,32.8253393996276
2001-08-29,-48.296860261974075,3.8956656507979677,-32.71094668475291,32.43788013987252
2001-08-30,-49.44023215990148,4.1450574533906295,-31.629639050806787,30.728505363554618
2001-08-31,-50.54613771923291,4.217254409212054,-32.43886048725457,30.373509585422926
2001-09-01,-50.66465687729335,4.9579590811191485,-31.69593908225148,31.31599496811799
2001-09-02,-49.79862107672448,4.326136612880752,-34.05835187014446,31.603927354300527
2001-09-03,-49.37900028875025,4.743295386936246,-34.734609242301914,33.45722859697669
2001-09-04,-51.03214793682876,5.515694124209369,-34.1406833341447,34.34095970489417
2001-09-05,-49.68368840282502,5.983143687985862,-33.82771797245936,34.04573342676435
2001-09-06,-48.94756673892063,6.349995900757873,-33.05908084491983,32.917072174733065
2001-09-07,-50.45138349556454,6.395949974495612,-32.55805314418159,31.407670580729334
2001-09-08,-51.45572686379145,6.0437071852665465,-32.28439879193474,31.7104275632675
2001-09-09,-50.49689051520427,5.875253183911802,-31.876832075437584,32.956042593837694
2001-09-10,-50.766349228616114,8.083651592623227,-32.23500697890409,33.079317390722615
2001-09-11,-52.60638807311182,8.003028087895803,-32.751741621814354,32.45870782723662
2001-09-12,-52.31793369579241,6.93497268709776,-32.52897197838631,30.519478227116384
2001-09-13,-52.797723358560766,8.261744333803453,-32.397659765292794,31.11335727668482
2001-09-14,-53.67816021127933,6.990920863946787,-31.042943780091292,32.10902471005693
2001-09-15,-52.837199979828036,6.990938050603199,-29.89712211263529,31.70295503827565
2001-09-16,-52.161304580369816,7.634016714217368,-30.76333664285935,33.0901732402854
2001-09-17,-52.031155753478856,8.432799541779254,-32.21751267992253,31.93705102241113
2001-09-18,-52.43788303081492,8.936263091958793,-31.08084918173345,32.308347868114254
2001-09-19,-52.55234180021866,9.504905026893349,-31.29450767079235,32.477215733763934
2001-09-20,-52.156120310493826,8.843573444082867,-30.8903674978456,31.071019494399906
2001-09-21,-52.9471294539769,9.493816414172253,-31.51619129568353,31.54795781945784
2001-09-22,-52.72142867432888,9.306467944049144,-30.034312616545968,32.01863336262995
2001-09-23,-53.28527119906868,8.81170207154902,-29.911180590544237,30.56977359399304
2001-09-24,-52.16127357863825,8.74519656464094,-31.582043210343986,29.606586194635
2001-09-25,-50.78583726205489,8.963380102103415,-29.47113597818651,29.62657790887947
2001-09-26,-50.333412129121704,10.864352324531449,-27.394325683202833,28.71433620498364
2001-09-27,-49.47643974653607,9.835723735063135,-27.853835470826024,27.00717254379575
2001-09-28,-48.91359360793334,8.838737284197004,-28.62019880056132,28.876361540838566
2001-09-29,-48.053884672663294,8.66949047930665,-30.37994108353234,29.17883235636138
2001-09-30,-50.30292198961773,7.778262308416707,-29.73680913849995,29.959435811951394
2001-10-01,-50.165084313285256,8.565651895512543,-29.5579638591747,29.19350899318415
2001-10-02,-50.14669257711404,10.248805970130674,-29.609214840194824,29.485436648495465
2001-10-03,-49.61481476865811,8.890857777080475,-30.614725680325193,27.94780229507611
2001-10-04,-49.271201169240165,8.531474211979052,-31.832993365131838,26.70349270110137
2001-10-05,-48.567841839477204,9.333273680185552,-31.439100335268723,26.71827328046533
2001-10-06,-48.08806966323372,9.333792972670015,-31.10475124202856,26.30223484253353
2001-10-07,-49.10438820075434,8.582231987572467,-30.874082469304817,27.925779099328118
2001-10-08,-49.96727698241903,7.467971330685042,-30.193432518759348,28.611026820561786
2001-10-09,-50.705162715959766,6.858649158087599,-30.81791170134143,28.89055199204426
2001-10-10,-47.74575376543911,6.104694296435008,-30.570744706285716,28.35618440973639
2001-10-11,-47.651860288547745,6.4574707150660435,-30.35048090594635,27.317820520955195
2001-10-12,-48.6805396204826,7.309086350758523,-30.147582800787447,27.44018305314903
2001-10-13,-48.18438186452506,6.504864822047882,-29.04285988048198,26.56686334323824
2001-10-14,-49.3105538355338,5.4537706822116325,-29.252316067332046,29.058860050270198
2001-10-15,-49.35560351047687,5.647201717726576,-27.84499258377087,28.59839128167872
2001-10-16,-50.83860104749201,4.923213618739607,-28.325703157983924,26.879869736270564
2001-10-17,-51.219904592595356,4.903874343374203,-26.449961020814907,27.53477247686266
2001-10-18,-51.21664340836863,4.273555744556777,-27.29469212972376,25.629791107488487
2001-10-19,-51.49135326143358,1.9267529936684613,-27.583999546778433,27.10512975508344
2001-10-20,-52.01230327939156,2.195746253541069,-28.583651359954494,25.12205981715269
2001-10-21,-51.90486025583597,1.8053223677668628,-28.270922333258753,25.101786405781493
2001-10-22,-51.45548209157246,1.1980280289905307,-27.888020084762903,25.94744640062808
2001-10-23,-52.11641769897855,0.7394162785855427,-26.989190867155052,26.298871680967764
2001-10-24,-52.460196404901986,-0.895418377263479,-27.389233491270755,27.632927742770462
2001-10-25,-53.01960286658362,-1.199381610835889,-28.393214399743815,27.404928717140148
2001-10-26,-53.14431998896548,-1.042287358349978,-29.154473603526416,26.191594599915383
2001-10-27,-51.221906401490465,-1.0139001702704844,-30.115571817220946,25.905092493823155
2001-10-28,-50.879812297512764,-0.07187929234678336,-29.94018110770841,25.46572477786445
2001-10-29,-50.50014078313799,-1.5395134260041892,-30.972791640670582,26.564384589352102
2001-10-30,-50.40935652272627,-1.7075719131628653,-31.70110804855838,25.32005322496848
2001-10-31,-50.269631815054325,-1.7743948740385527,-30.120001034735658,24.388143974081068
2001-11-01,-50.36586520856964,-2.2278372750135818,-31.101257649810982,26.055836735245528
2001-11-02,-49.13723308122179,-2.195671532374444,-32.57341546816434,26.251132456214748
2001-11-03,-48.76208881854696,-2.9012831533320487,-34.24738112578062,27.89474570870685
2001-11-04,-50.2142450967104,-1.9565434746538641,-35.019588900129065,27.394088620992612
2001-11-05,-49.340011433451735,-3.189741289975916,-35.461654865566295,27.22315372696744
2001-11-06,-48.31062795694669,-2.3234618837186716,-35.44314552802709,25.898643196063645
2001-11-07,-47.25548450763533,-2.840245978058085,-35.273258959906514,23.976698148643006
2001-11-08,-47.53418408454578,-2.448237465726395,-35.72690415158996,24.470392412050913
2001-11-09,-46.36886007618785,-1.0020295205457763,-36.37285540780934,22.86940263482738
2001-11-10,-48.878871453044006,-1.4267856291630416,-38.07338710911212,23.216555681179518
2001-11-11,-51.04542306717414,-0.4870572293467188,-38.13388557094313,21.534534597540812
2001-11-12,-50.89165725728754,-0.041289062436529134,-37.70173885333913,21.399226862223834
2001-11-13,-50.40956085679671,0.3462761392580306,-38.16550035231571,21.355446725654403
2001-11-14,-51.82239523387132,0.9653283443151488,-39.57115533394599,21.03904306142185
2001-11-15,-53.113966182121786,1.7482453574097363,-39.551529943679,19.87509167089011
2001-11-16,-53.00234739323773,1.383153839976787,-39.05575593548894,19.756755808881252
2001-11-17,-53.209784238059314,0.9913563847831914,-40.838377642970435,20.057528162616702
2001-11-18,-52.64707503620893,-0.12840578266489855,-40.510628079006736,21.036962319773792
2001-11-19,-51.914567817152324,0.988547243065665,-39.768003296836135,20.50005694849728
2001-11-20,-49.900952204337905,0.9481086950497516,-40.43468222807146,21.84925411559456
2001-11-21,-50.66117885395913,1.7237855363810555,-41.27211312365189,22.940386108367864
2001-11-22,-49.443404285815724,1.2376279028119603,-40.74543644706973,23.610320293131977
2001-11-23,-49.55451125571942,1.713068074349915,-40.873255937218325,22.950230032355737
2001-11-24,-50.548116194894,1.97506071629144,-40.35496920591071,23.75531184614153
2001-11-25,-50.075614964817916,2.6520243920685003,-40.689566086016356,25.47465202636228
2001-11-26,-50.85834563351639,3.4351102354798515,-40.81296839723377,25.23495988162671
2001-11-27,-48.80665291857839,4.0084113592169235,-41.868913012361354,25.66126184902064
2001-11-28,-49.17637339536689,5.901579272009823,-42.591611227624256,25.798062402186098
2001-11-29,-49.615851973097634,5.402266001587892,-41.81645208274163,26.968687645955285
2001-11-30,-48.33230170181157,5.352001081110947,-42.30820932058711,27.57292327588191
2001-12-01,-48.645883193789885,6.953881043230964,-43.58932113776369,28.08348418296869
2001-12-02,-49.776514897900825,6.053669839751339,-45.083013916022956,26.865911852038092
2001-12-03,-49.224419839762,5.397460578342157,-46.09481308089523,25.703240216504017
2001-12-04,-50.109648448382806,4.983077559637921,-45.242170926032394,25.727006917701427
2001-12-05,-50.1581941690235,4.863552297308457,-44.55198174601192,24.811307000395523
2001-12-06,-49.85691582176419,3.770136080111924,-45.59552117569313,25.415521647546015
2001-12-07,-49.81291344073601,3.5650429206104968,-46.55837567549005,25.840149988127337
2001-12-08,-47.70559214979908,4.104719854623974,-46.00626021739844,25.747261087554964
2001-12-09,-46.55095973590164,3.7275642590376643,-43.13366050849924,26.007065323076123
2001-12-10,-46.47438394017071,4.940767740502245,-44.192556051254286,25.361264606225767
2001-12-11,-47.157682328155325,4.746845432171071,-42.45883875910516,24.470966862295878
2001-12-12,-44.726390170791454,5.719803841219568,-40.89462086320907,24.721974110340764
2001-12-13,-46.174332153095214,4.584449376356343,-39.57373795650917,24.449108748061136
2001-12-14,-45.78656939195887,4.9152320891961585,-38.07823431216682,25.76894632038591
2001-12-15,-45.40054918739943,5.075590052292486,-37.04543984837989,24.790497941203363
2001-12-16,-46.010238731406524,3.86311682755748,-37.873441615340234,23.377471747915543
2001-12-17,-45.109436982381375,3.6775976332544658,-36.06154734520829,23.135141261256216
2001-12-18,-44.76350660348263,3.2779053820141093,-35.27284488202893,23.787136997220816
2001-12-19,-45.01594402586896,3.666581495483752,-35.94224908414119,23.31268555276633
2001-12-20,-45.93934096681203,4.576561032911626,-36.803890339074336,22.296346839074946
2001-12-21,-44.964225953735145,4.507115453348661,-38.108151558027025,21.223695545690337
2001-12-22,-45.535434693007154,3.422256797415261,-38.20548513572815,20.039996791114703
2001-12-23,-46.73505348076138,4.151960013808505,-36.59999245539858,21.31203207984681
2001-12-24,-47.147037624170466,4.65221602843285,-36.811290859439545,23.040214166522897
2001-12-25,-46.87333245511438,5.113515044860536,-34.975032607625835,24.25011578011541
2001-12-26,-46.74940403405814,4.132191982331207,-35.32960041505756,22.89030234771638
2001-12-27,-45.109605582297085,3.9749700436861235,-34.6439390817752,23.09152656668982
2001-12-28,-45.81534176360736,4.259517281005301,-34.26759171865362,23.05700480447302
2001-12-29,-45.83641233320171,4.598230562813301,-35.182317472504664,22.950896239589614
2001-12-30,-46.27430512528647,3.8658990004474036,-35.039045930603166,20.83598762123454
2001-12-31,-47.605989025501835,3.667040799449067,-33.54588850586467,21.391304268471046
2002-01-01,-48.3386602853736,5.066268810955353,-33.40678560079739,20.732995559376704
2002-01-02,-48.46826307643479,6.523175757444567,-32.634217940837885,20.03495043889795
2002-01-03,-49.505404524755036,7.089632228228403,-33.77211667342977,19.555831827182445
2002-01-04,-48.83949069300596,6.06525005859903,-34.56022939329704,19.755044635090997
2002-01-05,-49.1231553658936,7.31634174618232,-34.57488284713141,20.331948021490927
2002-01-06,-48.497719068449754,6.739451810261997,-33.77918748574955,21.587535544527
2002-01-07,-48.68922547749564,6.174742769863998,-34.04778816559493,22.93447298424587
2002-01-08,-48.726598906124266,5.678182263457949,-35.27782786238194,22.876098656082203
2002-01-09,-50.04756525567117,6.543838247971339,-36.07915160040889,21.613469205028938
2002-01-10,-49.13100955788056,6.8375361318146,-35.657117490506025,20.6897569571296
2002-01-11,-48.42059485114191,7.104208844017534,-35.529799846588894,21.5190031880759
2002-01-12,-47.42359122412344,7.013830358886673,-34.04775137259657,22.011265267032734
2002-01-13,-47.5254655321882,7.5977039358455425,-33.829166045104344,23.479775602057618
2002-01-14,-47.29266906720804,7.441076598786693,-33.84788906338285,24.24295464276403
2002-01-15,-48.82301112316751,6.156445514490076,-34.119270941660744,24.657925575832138
2002-01-16,-48.236706707673626,5.827375019996499,-35.66861500987499,22.567000236988097
2002-01-17,-48.46999000679398,5.346264425550924,-35.45088586121379,23.44692849748686
2002-01-18,-49.37887758815893,6.60962699602893,-35.91768936476212,23.20580212809469
2002-01-19,-49.280137541594584,4.71326792251222,-33.690073884453504,22.84890438519642
2002-01-20,-48.26087003574225,4.005048913462401,-35.28980084838616,21.763030068133823
2002-01-21,-49.41800696262071,2.0930557333436384,-37.81998327299853,22.396833969888437
2002-01-22,-50.17248190052633,2.1361046440837947,-36.70371020811689,21.808963080844222
2002-01-23,-50.232064043462266,3.042641345788291,-36.40834629729386,21.93875226271206
2002-01-24,-51.23321977931003,2.060390975565271,-35.79000951651286,21.629088695252577
2002-01-25,-50.43736190306188,2.6903120110046244,-35.44892631263595,22.2310812423477
2002-01-26,-50.27764886294935,3.786988129274941,-37.53946633793747,21.471630785401395
2002-01-27,-50.012494594267,5.349401421082611,-39.20305030774801,20.90992920442198
2002-01-28,-49.6391036521244,6.553564160431652,-39.68847965115579,18.889229098045522
2002-01-29,-49.344092498685406,7.272104178070948,-39.276078487734615,19.2761503800031
2002-01-30,-48.79313915279017,6.513990729808797,-38.75159680778118,20.059190683883305
2002-01-31,-48.82056656455729,5.653078306053669,-39.373976534197745,20.695307706197376
2002-02-01,-49.487618537734754,6.849768716898241,-39.197646388379155,20.42097049898112
2002-02-02,-48.70839307722993,6.790891955143385,-37.15564110299734,21.77078011652702
2002-02-03,-49.446370592658624,6.40995410076479,-39.12905137634259,22.505216951577275
2002-02-04,-49.06721464424336,6.559450967915786,-40.55313153610183,23.966923879698825
2002-02-05,-47.901100895802834,6.08342237041847,-41.20563097697763,23.440024040694656
2002-02-06,-47.18067841376465,6.3621660320296956,-41.36082316818985,23.12752521179719
2002-02-07,-48.5661000925295,5.704657595107925,-43.10416682770607,24.01470701663406
2002-02-08,-48.70507345728878,5.611511051916468,-43.6116559805851,22.95580388210716
2002-02-09,-50.804151627178136,4.674781642603551,-44.22672770407347,22.423580789946794
2002-02-10,-50.073050166177765,5.436233514288522,-45.322007235211466,21.445565452115016
2002-02-11,-49.227153292060855,3.1786662422247334,-45.70382604755711,22.08578460734082
2002-02-12,-49.201597128370246,2.636791908217319,-45.16251098530703,21.404316655317317
2002-02-13,-50.103530719852806,2.7691507592854645,-45.365591196998984,21.873894607089976
2002-02-14,-49.046068224633565,4.009012044761294,-47.79369385470555,22.12061117496794
2002-02-15,-48.58225600507166,4.755374269355572,-48.184588940579296,21.742238211973852
2002-02-16,-48.298633650399275,3.9138596588936685,-49.88044990467829,22.364100533165704
2002-02-17,-47.7019680636474,2.6842540087145608,-48.902598052799064,21.42981461369964
2002-02-18,-47.40461982274574,1.3564777903904524,-48.97468405605905,20.63565592524911
2002-02-19,-47.99237979755116,1.5893956356781864,-48.45708468407489,19.611183636094623
2002-02-20,-46.610276305182836,0.6611046691076699,-50.10634038282644,19.212695049817672
2002-02-21,-44.8603211636773,0.0804191772418108,-51.53490609817407,18.4394926781242
2002-02-22,-44.64158780408287,0.5246348913853309,-51.1927845891246,19.380872412164123
2002-02-23,-42.74769576383741,0.5625338828014987,-50.84063050923642,19.345976466167578
2002-02-24,-42.43156841837941,1.7023840428716466,-50.52810856682752,18.323686402429587
2002-02-25,-41.594280287713524,3.1475127504204483,-50.34938453478565,20.14544016163438
2002-02-26,-40.608548257034855,1.6681143275648191,-50.84009218031082,18.989867100947667
2002-02-27,-41.166422622110964,0.7610067970033653,-50.70407335689139,19.54597514653329
2002-02-28,-43.16245651779093,1.456921900427313,-50.89204824628053,20.44952801276703
2002-03-01,-43.50507014891683,-0.8352378740567921,-51.07299211850807,20.743765109223737
2002-03-02,-43.18098495948565,-0.9708913583397457,-52.1787939890877,19.770632310059753
2002-03-03,-44.050458635464416,-2.048763268902996,-52.20428735721427,20.074133460135684
2002-03-04,-43.31858074206813,-1.7406990365394335,-52.392766033619125,20.611422959245903
2002-03-05,-43.3834540113915,-2.782570906249629,-51.56533031321207,20.51330682918564
2002-03-06,-43.50361025290403,-1.6366697164536372,-51.0820572031008,21.128871502166554
2002-03-07,-41.61209315298512,-0.5273260879951833,-50.26890631737957,21.215079308491614
2002-03-08,-43.606679696461505,-2.9711843848380486,-51.24138257011191,23.443129541874775
2002-03-09,-43.81553221647183,-3.466312988186242,-50.74995135900801,24.51118132219318
2002-03-10,-43.48949797758825,-2.952829733763732,-50.442479474708655,24.097726545665026
2002-03-11,-44.083821641470976,-5.226315868320455,-50.561288593255796,23.986607943840898
2002-03-12,-43.875594247539375,-4.355456230416689,-51.97615443169471,22.73686295811953
2002-03-13,-43.28513629725993,-6.035404402718546,-51.89427816043414,22.650747956576087
2002-03-14,-42.912738080961596,-6.987836319859943,-51.44755543617278,21.345498402670803
2002-03-15,-42.28026541842842,-7.141247076452062,-52.00098823410889,21.36632266794792
2002-03-16,-41.187659380272926,-8.324979152883643,-52.340964562742215,19.98985692283768
2002-03-17,-40.41228708399174,-7.785362929802768,-53.385201701703274,19.580376125883433
2002-03-18,-41.66809026146606,-7.922044111501338,-52.55433314937154,18.859061682908113
2002-03-19,-41.82601145579279,-9.709623554548516,-51.06867015107618,17.532451508389297
2002-03-20,-41.87582464748815,-10.234860535892897,-50.200111763966646,17.1391315631568
2002-03-21,-42.44056800849021,-11.709402708126945,-49.1897772328391,15.267820313143263
2002-03-22,-41.07955813477361,-10.601212897235227,-47.53689652478663,14.222484627565068
2002-03-23,-41.9228804325688,-10.54571397878299,-46.56753008354197,13.09238295827107
2002-03-24,-40.83267959517757,-11.761495699814036,-45.9712512784731,13.051424254675853
2002-03-25,-40.71802347444373,-11.903773755018006,-45.374728654348814,11.267909859065126
2002-03-26,-39.790443158057364,-12.527595383012152,-45.658985257670636,10.419373642386494
2002-03-27,-39.21537288543105,-12.208527766454838,-46.093942823759875,9.441379976172623
2002-03-28,-37.48396131364196,-12.494366808881763,-45.60497696261136,9.093173918293916
2002-03-29,-36.491299165391695,-11.203783451119863,-44.60906262945617,10.669418003151815
2002-03-30,-34.85464132233599,-13.285736075940747,-45.25186057653155,9.47531271532055
2002-03-31,-34.218669104881904,-13.001699048050869,-46.409927775501,11.060216500498804
2002-04-01,-34.05005390094992,-11.39671865847675,-47.00076115338056,11.912071717411045
2002-04-02,-32.784372744753185,-11.709869728645161,-46.63836905422779,11.930825356966018
2002-04-03,-33.12613903348849,-11.355223584544236,-48.49501705269671,12.653117003596009
2002-04-04,-32.99891394396785,-12.543268680244388,-47.788060907525455,10.749495865039387
2002-04-05,-34.1007578250684,-11.372304607182025,-47.24310529959213,10.122502825371567
2002-04-06,-32.688887658613574,-11.668201173591171,-47.4056364846794,10.175380171631573
2002-04-07,-32.02104756229608,-11.145301274743721,-48.31690152628815,9.784983298130962
2002-04-08,-31.427787068712902,-10.024078749549568,-48.037300069739544,10.677210843009938
2002-04-09,-30.5649716589699,-10.989696644797583,-48.211667820141216,12.781725850109519
2002-04-10,-30.78711334486243,-10.2308282691637,-49.44445139331767,15.79192525143451
2002-04-11,-31.4920319550783,-9.534611202529165,-48.90212029623114,14.31474814409137
2002-04-12,-31.637731322487188,-8.40936518109294,-49.49092992808094,15.275726499015214
2002-04-13,-31.896385087407083,-7.169167610507182,-47.23850268556744,14.272331590813883
2002-04-14,-31.529796407181642,-7.811743976421712,-48.137034876551965,14.323046160603852
2002-04-15,-31.294147494507627,-7.345196707429934,-47.69615228698505,12.194440889239415
2002-04-16,-31.759666316823463,-9.396601320229808,-47.378288296107975,13.031310192767364
2002-04-17,-31.463373060225123,-9.891457490465994,-47.000651563705226,13.824603575398463
2002-04-18,-30.917687953952388,-10.423583395507613,-47.34706154463337,15.072759637747088
2002-04-19,-30.920803204074073,-10.246844031922828,-47.29777652461718,15.662910779585609
2002-04-20,-30.378553359677255,-10.543009272768625,-47.62898937355601,15.37961029166231
2002-04-21,-30.235306068702872,-9.974152252003366,-49.0022614025861,16.877359849346806
2002-04-22,-31.27111414010377,-9.882768691898308,-50.07253310470438,16.365932271972063
2002-04-23,-31.36219404733661,-9.372945574807886,-49.84453206751028,17.164500990643482
2002-04-24,-31.682189405229053,-7.839924935901113,-51.40858521187246,17.38870565983836
2002-04-25,-31.389755143407445,-8.29077163087282,-51.46036644581174,16.541821308318674
2002-04-26,-31.024070168925956,-8.702620851421246,-50.74822930796784,16.88402636285196
2002-04-27,-30.641684897262223,-8.607390967739454,-51.59525774383695,17.557933959618428
2002-04-28,-29.852894971240108,-8.943918955531688,-52.652167960902254,16.91986013081975
2002-04-29,-28.83516954729257,-10.543635622414616,-52.31692326193327,16.58250380093451
2002-04-30,-28.113043863310057,-11.957940274558027,-51.882473178628594,15.578173780133502
2002-05-01,-27.605224786567543,-10.322576665110285,-52.10331354713605,17.403452734323274
2002-05-02,-27.552249139612794,-9.620393828395109,-49.86770205827399,18.379697031745348
2002-05-03,-27.053665353175465,-11.870215037155646,-50.644763565060124,18.756792713608654
2002-05-04,-27.78271806387322,-12.812909689955108,-50.1748111188702,17.380944739544574
2002-05-05,-28.89191125825153,-12.149104278274544,-48.229019909334426,16.641098521170548
2002-05-06,-28.79491814513905,-11.629561348667957,-48.87150082610426,15.804727002526594
2002-05-07,-28.410033902812238,-12.692631086080771,-49.621527969259624,17.598758492758193
2002-05-08,-30.285891966005593,-10.819099123515283,-48.2492425001665,17.004853373991995
2002-05-09,-29.17011788950461,-10.627143354538395,-49.16363805007583,16.445585468287213
2002-05-10,-29.893983185728914,-9.122285244677776,-50.34301600469432,15.177869885761845
2002-05-11,-30.303283950252546,-9.793939323207837,-48.27524678103626,14.651000195191715
2002-05-12,-31.051663535937603,-10.597928224561837,-49.10691983624183,12.625265568389374
2002-05-13,-31.065337045640852,-11.393579798829803,-49.48486064270503,13.720634970707117
2002-05-14,-30.147826168724876,-10.700683595310823,-50.477987193990415,13.540446671918989
2002-05-15,-30.743937835206857,-11.101345423588281,-50.71072552417035,12.90628587690668
2002-05-16,-29.813825883292516,-11.908242576126526,-49.45375489505546,13.241224849930465
2002-05-17,-30.010887464801392,-11.527890377609536,-49.86338070989309,12.846841953573268
2002-05-18,-29.097710697538563,-11.86764553671539,-45.77198795031944,11.603651358854243
2002-05-19,-30.476123276590624,-10.677626632241987,-46.33493968729718,10.904974498797914
2002-05-20,-31.596779339185684,-10.999322886171768,-47.20002844269992,11.527396275509583
2002-05-21,-32.329655577921905,-11.132823637007126,-46.691893872537165,11.630173372049187
2002-05-22,-32.9401199596534,-12.278680599972093,-48.28404581421333,9.977055802996809
2002-05-23,-32.36104558741472,-12.981935258230537,-48.84082456163118,10.01378574858307
2002-05-24,-32.17677750794393,-12.10700252873718,-48.527952619442075,9.643878118667674
2002-05-25,-33.45751548380081,-11.800443591464584,-48.75940023696037,9.482841709821994
2002-05-26,-34.43382043309145,-11.629986207374243,-48.05049118318442,9.212374861565388
2002-05-27,-33.88236546963327,-11.68964178380262,-48.46380921359821,10.31691051956163
2002-05-28,-34.23580921266383,-11.504781284662332,-50.020436620887175,11.080230802159
2002-05-29,-34.712522826198004,-11.699844499874505,-50.475109146118605,11.293129380907905
2002-05-30,-35.36626597438869,-12.806289048991166,-50.39203952921302,11.491826585111628
2002-05-31,-35.916149623878205,-12.199474500641033,-49.39618666316881,10.712023982690916
2002-06-01,-35.53173413252489,-11.803194520810388,-50.961154875465986,9.445419651157511
2002-06-02,-37.76989844179782,-10.502570798289225,-51.4532827402961,9.019336304727135
2002-06-03,-37.19695098703874,-8.98355745296238,-51.03680147686956,10.570851604714107
2002-06-04,-35.94937443917427,-5.317274910289159,-51.981906939099744,10.118665717709096
2002-06-05,-36.71839779639601,-4.717321899883648,-52.825676742747824,10.86104598250292
2002-06-06,-38.611540048586356,-3.7631012465299167,-52.349587173345455,12.313464598050562
2002-06-07,-37.98090038634637,-3.6487929402133403,-52.02462704448326,10.278887095050743
2002-06-08,-38.27891017949345,-3.5432982100468027,-50.30720533262665,10.332925057398871
2002-06-09,-39.89554195905365,-1.408872392278631,-51.314026107561745,10.332810362660256
2002-06-10,-40.95298011658766,-4.955171739277933,-50.58747617907741,9.777950196962005
2002-06-11,-40.257995515246066,-5.653651451595305,-50.03982918430839,11.300451726636556
2002-06-12,-39.70293519942292,-5.8570021508183325,-50.62064918217021,11.235237546014563
2002-06-13,-41.09169468913627,-5.8205258056360965,-50.0300679016301,9.700413288492358
2002-06-14,-42.414221194104464,-4.064649750177639,-50.105098155212154,11.453755938647571
2002-06-15,-41.911609813316225,-3.418337274255249,-49.986463382680725,13.090582530971165
2002-06-16,-40.620307115289584,-3.5338051166117728,-51.938486792597466,11.75682052585681
2002-06-17,-40.79345226296887,-4.5903540804508935,-51.43303891058382,12.105079781607168
2002-06-18,-40.38687964722693,-4.090010261000197,-51.334188189097695,12.427137617184552
2002-06-19,-40.26557397784889,-5.253106033661264,-51.45105295286373,12.31549072853695
2002-06-20,-39.43811718892097,-5.739430851479252,-52.43318493681866,14.116624663515866
2002-06-21,-38.74970137269755,-4.7136035545448856,-50.8836922725182,13.745473679062767
2002-06-22,-37.769550166414,-4.5851877428792385,-52.0844100326472,13.91749201851069
2002-06-23,-37.62720834052882,-4.106592774010205,-52.42520665091572,13.582639595830624
2002-06-24,-38.82140492367501,-3.371123900120999,-54.49791681931557,13.50562249813894
2002-06-25,-39.408374411636565,-3.9320720035956875,-54.35256621383855,13.037788144539377
2002-06-26,-41.26700350176038,-6.095734802554954,-56.312144399247146,12.110079710488515
2002-06-27,-41.71427533726259,-6.565838155418726,-56.40781857207062,12.188288654264946
2002-06-28,-42.25613090132124,-8.093491393459681,-56.97891372166534,11.440212758213402
2002-06-29,-40.67614248979264,-7.218228798357014,-57.93177491684537,11.219209407024488
2002-06-30,-39.49318838486082,-7.089010916740531,-56.96581971963364,11.39395190713042
2002-07-01,-39.2839973614943,-6.512007418937604,-57.61997389033281,10.62887290587362
2002-07-02,-39.67594920190457,-5.484499928510041,-57.34642240155813,9.324457926187671
2002-07-03,-38.6870524009506,-5.030686743441517,-56.45305681819559,9.578430934071552
2002-07-04,-38.68016935887266,-7.045192872720586,-56.21885710633387,7.742789040711864
2002-07-05,-38.9437592337637,-5.296854766183572,-56.06206504860464,8.044594009213581
2002-07-06,-39.51617643352742,-5.067901731329734,-57.404980397292285,7.736546891158881
2002-07-07,-39.3036042486218,-5.381145594646491,-58.594108007123324,5.3121565121092615
2002-07-08,-39.985673080396374,-6.28225531822847,-59.25974529632456,5.708929839107341
2002-07-09,-41.86539158436976,-5.612342058374883,-60.73972002914813,8.086044162506305
2002-07-10,-40.69453893412327,-5.078552260478718,-61.66782843989912,8.164041269279416
2002-07-11,-40.61320921046238,-5.776883546728146,-62.30077324111757,9.1590932013378
2002-07-12,-40.548071966574845,-3.9445516621688617,-61.17359448765741,9.044904807592944
2002-07-13,-39.98661831043631,-3.8456720771959496,-62.45343221686355,9.53620972553878
2002-07-14,-40.8485307727748,-2.4919130044579325,-61.477739929995145,7.085917923193536
2002-07-15,-40.78886500393566,-3.5927457064946764,-59.87293603677805,6.921218847901897
2002-07-16,-40.53940274874845,-3.0333912842090704,-60.898037341460615,7.020130536559179
2002-07-17,-39.29555581450209,-3.6909607012357752,-60.36512476938555,6.738145376839674
2002-07-18,-37.11254550788362,-1.7543006274468271,-60.4133065346709,6.491913462821319
2002-07-19,-36.639414054954905,-1.897577119380213,-60.58923139724892,5.877074746053372
2002-07-20,-34.96465978201317,0.30484204751485855,-60.09194780422259,4.2277092304990695
2002-07-21,-36.39722916141729,0.7730993592993727,-61.09353168331205,3.6114411794394616
2002-07-22,-36.34163151305666,0.2802605733662916,-59.92585188717241,2.2267828228834263
2002-07-23,-36.285977249312474,-0.9555972879620286,-59.81022867641094,0.3099275267614312
2002-07-24,-36.84129704690435,0.07604809751913855,-60.59456531801436,0.511641424089241
2002-07-25,-37.443700213740435,0.17048789656805247,-61.00965089460622,0.9896585346527176
2002-07-26,-38.58470202313701,-0.10267530212467268,-60.347206296751565,0.20411208192137564
2002-07-27,-37.893781807214005,0.7309501940704624,-60.15255157425603,-1.9070658942368386
2002-07-28,-36.22587935716879,-0.5450237983660571,-60.18740248644495,-1.5109061241419843
2002-07-29,-34.606755655802715,-0.49927802404115645,-61.08737824897179,-0.8865963285423788
2002-07-30,-32.98836691990377,-1.4947592907270273,-60.47884785068951,-0.9186262243136724
2002-07-31,-32.817428327254305,-1.7678841126466736,-60.1206414991846,-0.32495157499132554
2002-08-01,-30.390874828954555,-3.643590212988487,-58.4495185705966,-0.20647217538864773
2002-08-02,-31.400296295634753,-5.108830860942534,-57.04900602434609,-1.879429758719192
2002-08-03,-29.511555033365656,-6.5007326897950755,-56.627274217568875,-2.8287427491810826
2002-08-04,-30.90662451974794,-7.120392993249519,-54.65880826339823,-2.6334047910949527
2002-08-05,-30.610612004675335,-6.129905984938906,-53.42767787851206,-3.5336208594119487
2002-08-06,-30.121116840886014,-6.029700133607535,-53.78257809327276,-5.6663935681422135
2002-08-07,-29.1163527249288,-5.219828138975844,-54.26599231143404,-1.9659971391950353
2002-08-08,-30.31769377445344,-5.44981462012485,-53.96497582329478,-2.7247430280565847
2002-08-09,-30.333451686556362,-3.9026429833129326,-55.01469258405369,-4.7609104716535935
2002-08-10,-30.961195020493832,-4.87523089625735,-55.54178622677412,-5.495822517583275
2002-08-11,-31.052881029308722,-2.573752688640897,-55.5521607241596,-3.3774461471002004
2002-08-12,-31.205852312613683,-3.2093869621101345,-57.6449774447902,-3.2598099941493737
2002-08-13,-30.763641480397972,-0.6182505779594472,-59.51536808545851,-4.0709087925831895
2002-08-14,-31.24237447497382,-0.9499191085643653,-59.69556127417176,-5.032548865384597
2002-08-15,-31.4604431530995,-2.071015698008178,-60.83585440479827,-4.90352356780567
2002-08-16,-30.366557487621282,-2.871930634569643,-62.818777535882006,-5.56882158196821
2002-08-17,-30.48571052970321,-3.0619067636567037,-61.70891904527298,-6.752707154896123
2002-08-18,-30.89043248926175,-3.844966155249991,-60.110431312044,-6.539349081447941
2002-08-19,-31.306406434851173,-4.807908948031585,-59.33475613685236,-8.0358011090508
2002-08-20,-30.269813954927553,-3.872304098900296,-58.82033934777074,-7.9657598084710175
2002-08-21,-30.33304770072405,-3.1498635143859075,-59.13007867439625,-7.066557100606378
2002-08-22,-31.897746129538348,-1.8942362034128644,-59.330290318733866,-5.92213009919294
2002-08-23,-31.61078673178287,-2.5127155845934324,-59.541518751455584,-6.649750258293881
2002-08-24,-30.87455101623998,-4.028072805833218,-61.0756668592227,-5.789529901562707
2002-08-25,-30.5791626590167,-5.093463473664348,-60.56282045401649,-7.18642461019949
2002-08-26,-30.583559323507234,-6.536112497572899,-59.92088434308679,-7.329770851101868
2002-08-27,-30.41716154913897,-8.748355214713843,-61.15555553004886,-8.962438172780029
2002-08-28,-31.006885537524465,-8.878743730017751,-63.0117808276005,-9.605152691222298
2002-08-29,-31.27936044744627,-8.605982013227006,-63.28742063269549,-9.520449384400743
2002-08-30,-30.14102627895343,-10.381304698987954,-62.23090150039501,-11.046060225464911
2002-08-31,-30.308797304591014,-11.292868376244027,-62.09388053242508,-11.40061907557289
2002-09-01,-29.19108415793361,-13.00337422116705,-61.17894441666364,-11.00369084301788
2002-09-02,-28.08676332958376,-13.689954984366992,-59.84611560620904,-10.830083822859255
2002-09-03,-27.49242166590252,-13.670766243744072,-59.27959793324715,-9.5124446696011
2002-09-04,-27.83304161179627,-15.667515849509606,-59.23529214533081,-8.890410445783353
2002-09-05,-28.632231348549187,-16.215195620250554,-60.91159391996394,-8.534356259662818
2002-09-06,-29.81741760811511,-15.41724630153089,-59.94094062933059,-6.720691712291558
2002-09-07,-28.657195826122173,-14.385855695135762,-59.95828597725072,-4.807396272642003
2002-09-08,-30.763799054024325,-15.669739045827347,-58.28245306519042,-5.641158281479273
2002-09-09,-32.00094222580718,-16.463896653040607,-57.54416344330036,-4.649780568530389
2002-09-10,-31.412134989203835,-17.05224172624147,-57.85465244983864,-4.122851744241741
2002-09-11,-31.799477191958847,-16.569053897148784,-59.25700616259381,-3.0546859916121285
2002-09-12,-31.737914523411472,-16.70249168971968,-59.88614601804727,-5.4286260891222256
2002-09-13,-30.500819104855704,-17.343139908481078,-59.9915621137699,-5.566393006966073
2002-09-14,-29.653744532846165,-17.58389076572902,-58.17635008776867,-4.937446005811969
2002-09-15,-30.139828218515888,-18.204027976049936,-55.68550877527808,-5.9056688543971205
2002-09-16,-30.704203306309257,-19.403713986850875,-55.58075092814615,-6.086114074851845
2002-09-17,-29.513320466385192,-20.46604460338694,-57.08521158615078,-4.397925130505838
2002-09-18,-32.3120946930846,-20.561081155450808,-58.97631881664026,-3.9227482058984706
2002-09-19,-33.22800138547718,-19.962066666038005,-59.52220678098796,-3.7508759029842382
2002-09-20,-34.568038331221295,-20.10906067913818,-59.386988799833944,-3.662175702067849
2002-09-21,-33.60204446397831,-19.265896888612186,-56.717273597403356,-5.077260283543184
2002-09-22,-33.26058167626946,-19.38014751948465,-56.23483066592702,-3.739050644400555
2002-09-23,-31.271202108447646,-17.8747020136726,-57.25866021398925,-4.718917889552062
2002-09-24,-32.37027362835989,-18.008689324211392,-58.896144329681476,-5.0304470690586145
2002-09-25,-34.10562757187446,-18.40526254242271,-59.03405137893641,-3.923651218985834
2002-09-26,-34.26381224852577,-18.8223451027321,-58.49938285414772,-4.867826760833531
